Wahlperiode,Sitzungnr,Abstimmnr,Fraktion/Gruppe,Name,Vorname,Titel,ja,nein,Enthaltung,ungültig,nichtabgegeben,Bezeichnung
18,152,2,CDU/CSU,Albani,Stephan,,1,0,0,0,0,Stephan Albani
18,152,2,CDU/CSU,Albsteiger,Katrin,,0,0,0,0,1,Katrin Albsteiger
18,152,2,CDU/CSU,Altmaier,Peter,,0,0,0,0,1,Peter Altmaier
18,152,2,CDU/CSU,Auernhammer,Artur,,1,0,0,0,0,Artur Auernhammer
18,152,2,CDU/CSU,Bär,Dorothee,,1,0,0,0,0,Dorothee Bär
18,152,2,CDU/CSU,Bareiß,Thomas,,1,0,0,0,0,Thomas Bareiß
18,152,2,CDU/CSU,Barthle,Norbert,,1,0,0,0,0,Norbert Barthle
18,152,2,CDU/CSU,Baumann,Günter,,1,0,0,0,0,Günter Baumann
18,152,2,CDU/CSU,Beermann,Maik,,1,0,0,0,0,Maik Beermann
18,152,2,CDU/CSU,Behrens (Börde),Manfred,,1,0,0,0,0,Manfred Behrens (Börde)
18,152,2,CDU/CSU,Bellmann,Veronika,,1,0,0,0,0,Veronika Bellmann
18,152,2,CDU/CSU,Benning,Sybille,,1,0,0,0,0,Sybille Benning
18,152,2,CDU/CSU,Berghegger,Andre,,1,0,0,0,0,Dr. Andre Berghegger
18,152,2,CDU/CSU,Bergner,Christoph,,1,0,0,0,0,Dr. Christoph Bergner
18,152,2,CDU/CSU,Bertram,Ute,,1,0,0,0,0,Ute Bertram
18,152,2,CDU/CSU,Beyer,Peter,,1,0,0,0,0,Peter Beyer
18,152,2,CDU/CSU,Bilger,Steffen,,1,0,0,0,0,Steffen Bilger
18,152,2,CDU/CSU,Binninger,Clemens,,1,0,0,0,0,Clemens Binninger
18,152,2,CDU/CSU,Bleser,Peter,,1,0,0,0,0,Peter Bleser
18,152,2,CDU/CSU,Böhmer,Maria,,1,0,0,0,0,Dr. Maria Böhmer
18,152,2,CDU/CSU,Bosbach,Wolfgang,,1,0,0,0,0,Wolfgang Bosbach
18,152,2,CDU/CSU,Brackmann,Norbert,,1,0,0,0,0,Norbert Brackmann
18,152,2,CDU/CSU,Brähmig,Klaus,,1,0,0,0,0,Klaus Brähmig
18,152,2,CDU/CSU,Brand,Michael,,1,0,0,0,0,Michael Brand
18,152,2,CDU/CSU,Brandl,Reinhard,,1,0,0,0,0,Dr. Reinhard Brandl
18,152,2,CDU/CSU,Brandt,Helmut,,1,0,0,0,0,Helmut Brandt
18,152,2,CDU/CSU,Brauksiepe,Ralf,,1,0,0,0,0,Dr. Ralf Brauksiepe
18,152,2,CDU/CSU,Braun,Helge,,1,0,0,0,0,Dr. Helge Braun
18,152,2,CDU/CSU,Brehmer,Heike,,1,0,0,0,0,Heike Brehmer
18,152,2,CDU/CSU,Brinkhaus,Ralph,,1,0,0,0,0,Ralph Brinkhaus
18,152,2,CDU/CSU,Caesar,Cajus,,1,0,0,0,0,Cajus Caesar
18,152,2,CDU/CSU,Connemann,Gitta,,1,0,0,0,0,Gitta Connemann
18,152,2,CDU/CSU,Dinges-Dierig,Alexandra,,1,0,0,0,0,Alexandra Dinges-Dierig
18,152,2,CDU/CSU,Dobrindt,Alexander,,1,0,0,0,0,Alexander Dobrindt
18,152,2,CDU/CSU,Donth,Michael,,1,0,0,0,0,Michael Donth
18,152,2,CDU/CSU,Dörflinger,Thomas,,1,0,0,0,0,Thomas Dörflinger
18,152,2,CDU/CSU,Dött,Marie-Luise,,1,0,0,0,0,Marie-Luise Dött
18,152,2,CDU/CSU,Durz,Hansjörg,,1,0,0,0,0,Hansjörg Durz
18,152,2,CDU/CSU,Eberl,Iris,,1,0,0,0,0,Iris Eberl
18,152,2,CDU/CSU,Eckenbach,Jutta,,1,0,0,0,0,Jutta Eckenbach
18,152,2,CDU/CSU,Fabritius,Bernd,,0,0,0,0,1,Dr. Bernd Fabritius
18,152,2,CDU/CSU,Färber,Hermann,,1,0,0,0,0,Hermann Färber
18,152,2,CDU/CSU,Feiler,Uwe,,0,0,0,0,1,Uwe Feiler
18,152,2,CDU/CSU,Feist,Thomas,,1,0,0,0,0,Dr. Thomas Feist
18,152,2,CDU/CSU,Ferlemann,Enak,,1,0,0,0,0,Enak Ferlemann
18,152,2,CDU/CSU,Fischbach,Ingrid,,1,0,0,0,0,Ingrid Fischbach
18,152,2,CDU/CSU,Fischer (Hamburg),Dirk,,1,0,0,0,0,Dirk Fischer (Hamburg)
18,152,2,CDU/CSU,Fischer (Karlsruhe-Land),Axel E.,,0,0,0,0,1,Axel E. Fischer (Karlsruhe-Land)
18,152,2,CDU/CSU,Flachsbarth,Maria,,1,0,0,0,0,Dr. Maria Flachsbarth
18,152,2,CDU/CSU,Flosbach,Klaus-Peter,,1,0,0,0,0,Klaus-Peter Flosbach
18,152,2,CDU/CSU,Frei,Thorsten,,1,0,0,0,0,Thorsten Frei
18,152,2,CDU/CSU,Freudenstein,Astrid,,1,0,0,0,0,Dr. Astrid Freudenstein
18,152,2,CDU/CSU,Friedrich (Hof),Hans-Peter,,1,0,0,0,0,Dr. Hans-Peter Friedrich (Hof)
18,152,2,CDU/CSU,Frieser,Michael,,1,0,0,0,0,Michael Frieser
18,152,2,CDU/CSU,Fuchs,Michael,,1,0,0,0,0,Dr. Michael Fuchs
18,152,2,CDU/CSU,Fuchtel,Hans-Joachim,,1,0,0,0,0,Hans-Joachim Fuchtel
18,152,2,CDU/CSU,Funk,Alexander,,1,0,0,0,0,Alexander Funk
18,152,2,CDU/CSU,Gädechens,Ingo,,1,0,0,0,0,Ingo Gädechens
18,152,2,CDU/CSU,Gebhart,Thomas,,1,0,0,0,0,Dr. Thomas Gebhart
18,152,2,CDU/CSU,Gerig,Alois,,1,0,0,0,0,Alois Gerig
18,152,2,CDU/CSU,Gienger,Eberhard,,1,0,0,0,0,Eberhard Gienger
18,152,2,CDU/CSU,Giousouf,Cemile,,1,0,0,0,0,Cemile Giousouf
18,152,2,CDU/CSU,Göppel,Josef,,1,0,0,0,0,Josef Göppel
18,152,2,CDU/CSU,Grindel,Reinhard,,1,0,0,0,0,Reinhard Grindel
18,152,2,CDU/CSU,Groden-Kranich,Ursula,,1,0,0,0,0,Ursula Groden-Kranich
18,152,2,CDU/CSU,Gröhe,Hermann,,1,0,0,0,0,Hermann Gröhe
18,152,2,CDU/CSU,Gröhler,Klaus-Dieter,,1,0,0,0,0,Klaus-Dieter Gröhler
18,152,2,CDU/CSU,Grosse-Brömer,Michael,,1,0,0,0,0,Michael Grosse-Brömer
18,152,2,CDU/CSU,Grotelüschen,Astrid,,1,0,0,0,0,Astrid Grotelüschen
18,152,2,CDU/CSU,Grübel,Markus,,1,0,0,0,0,Markus Grübel
18,152,2,CDU/CSU,Grund,Manfred,,1,0,0,0,0,Manfred Grund
18,152,2,CDU/CSU,Grundmann,Oliver,,1,0,0,0,0,Oliver Grundmann
18,152,2,CDU/CSU,Grütters,Monika,,1,0,0,0,0,Monika Grütters
18,152,2,CDU/CSU,Gundelach,Herlind,,1,0,0,0,0,Dr. Herlind Gundelach
18,152,2,CDU/CSU,Güntzler,Fritz,,1,0,0,0,0,Fritz Güntzler
18,152,2,CDU/CSU,Gutting,Olav,,1,0,0,0,0,Olav Gutting
18,152,2,CDU/CSU,Haase,Christian,,1,0,0,0,0,Christian Haase
18,152,2,CDU/CSU,Hahn,Florian,,1,0,0,0,0,Florian Hahn
18,152,2,CDU/CSU,Harbarth,Stephan,,1,0,0,0,0,Dr. Stephan Harbarth
18,152,2,CDU/CSU,Hardt,Jürgen,,0,0,0,0,1,Jürgen Hardt
18,152,2,CDU/CSU,Hasselfeldt,Gerda,,1,0,0,0,0,Gerda Hasselfeldt
18,152,2,CDU/CSU,Hauer,Matthias,,1,0,0,0,0,Matthias Hauer
18,152,2,CDU/CSU,Hauptmann,Mark,,1,0,0,0,0,Mark Hauptmann
18,152,2,CDU/CSU,Heck,Stefan,,1,0,0,0,0,Dr. Stefan Heck
18,152,2,CDU/CSU,Heider,Matthias,,1,0,0,0,0,Dr. Matthias Heider
18,152,2,CDU/CSU,Heiderich,Helmut,,1,0,0,0,0,Helmut Heiderich
18,152,2,CDU/CSU,Heil,Mechthild,,1,0,0,0,0,Mechthild Heil
18,152,2,CDU/CSU,Heinrich (Chemnitz),Frank,,1,0,0,0,0,Frank Heinrich (Chemnitz)
18,152,2,CDU/CSU,Helfrich,Mark,,1,0,0,0,0,Mark Helfrich
18,152,2,CDU/CSU,Heller,Uda,,1,0,0,0,0,Uda Heller
18,152,2,CDU/CSU,Hellmuth,Jörg,,1,0,0,0,0,Jörg Hellmuth
18,152,2,CDU/CSU,Henke,Rudolf,,1,0,0,0,0,Rudolf Henke
18,152,2,CDU/CSU,Hennrich,Michael,,1,0,0,0,0,Michael Hennrich
18,152,2,CDU/CSU,Heveling,Ansgar,,1,0,0,0,0,Ansgar Heveling
18,152,2,CDU/CSU,Hintze,Peter,,1,0,0,0,0,Peter Hintze
18,152,2,CDU/CSU,Hirte,Christian,,1,0,0,0,0,Christian Hirte
18,152,2,CDU/CSU,Hirte,Heribert,,1,0,0,0,0,Dr. Heribert Hirte
18,152,2,CDU/CSU,Hochbaum,Robert,,1,0,0,0,0,Robert Hochbaum
18,152,2,CDU/CSU,Hoffmann,Alexander,,1,0,0,0,0,Alexander Hoffmann
18,152,2,CDU/CSU,Hoffmann (Dortmund),Thorsten,,1,0,0,0,0,Thorsten Hoffmann (Dortmund)
18,152,2,CDU/CSU,Holmeier,Karl,,1,0,0,0,0,Karl Holmeier
18,152,2,CDU/CSU,Holzenkamp,Franz-Josef,,0,0,0,0,1,Franz-Josef Holzenkamp
18,152,2,CDU/CSU,Hoppenstedt,Hendrik,,1,0,0,0,0,Dr. Hendrik Hoppenstedt
18,152,2,CDU/CSU,Horb,Margaret,,1,0,0,0,0,Margaret Horb
18,152,2,CDU/CSU,Hornhues,Bettina,,1,0,0,0,0,Bettina Hornhues
18,152,2,CDU/CSU,Huber,Charles M.,,1,0,0,0,0,Charles M. Huber
18,152,2,CDU/CSU,Hübinger,Anette,,0,0,0,0,1,Anette Hübinger
18,152,2,CDU/CSU,Hüppe,Hubert,,1,0,0,0,0,Hubert Hüppe
18,152,2,CDU/CSU,Irlstorfer,Erich,,1,0,0,0,0,Erich Irlstorfer
18,152,2,CDU/CSU,Jarzombek,Thomas,,1,0,0,0,0,Thomas Jarzombek
18,152,2,CDU/CSU,Jörrißen,Sylvia,,1,0,0,0,0,Sylvia Jörrißen
18,152,2,CDU/CSU,Jung,Andreas,,1,0,0,0,0,Andreas Jung
18,152,2,CDU/CSU,Jung,Franz Josef,,1,0,0,0,0,Dr. Franz Josef Jung
18,152,2,CDU/CSU,Jung,Xaver,,1,0,0,0,0,Xaver Jung
18,152,2,CDU/CSU,Jüttner,Egon,,1,0,0,0,0,Dr. Egon Jüttner
18,152,2,CDU/CSU,Kalb,Bartholomäus,,1,0,0,0,0,Bartholomäus Kalb
18,152,2,CDU/CSU,Kammer,Hans-Werner,,1,0,0,0,0,Hans-Werner Kammer
18,152,2,CDU/CSU,Kampeter,Steffen,,1,0,0,0,0,Steffen Kampeter
18,152,2,CDU/CSU,Kanitz,Steffen,,1,0,0,0,0,Steffen Kanitz
18,152,2,CDU/CSU,Karl,Alois,,1,0,0,0,0,Alois Karl
18,152,2,CDU/CSU,Karliczek,Anja,,1,0,0,0,0,Anja Karliczek
18,152,2,CDU/CSU,Kaster,Bernhard,,1,0,0,0,0,Bernhard Kaster
18,152,2,CDU/CSU,Kauder,Volker,,1,0,0,0,0,Volker Kauder
18,152,2,CDU/CSU,Kaufmann,Stefan,,1,0,0,0,0,Dr. Stefan Kaufmann
18,152,2,CDU/CSU,Kiesewetter,Roderich,,1,0,0,0,0,Roderich Kiesewetter
18,152,2,CDU/CSU,Kippels,Georg,,1,0,0,0,0,Dr. Georg Kippels
18,152,2,CDU/CSU,Klein,Volkmar,,1,0,0,0,0,Volkmar Klein
18,152,2,CDU/CSU,Klimke,Jürgen,,1,0,0,0,0,Jürgen Klimke
18,152,2,CDU/CSU,Knoerig,Axel,,1,0,0,0,0,Axel Knoerig
18,152,2,CDU/CSU,Koeppen,Jens,,1,0,0,0,0,Jens Koeppen
18,152,2,CDU/CSU,Koob,Markus,,1,0,0,0,0,Markus Koob
18,152,2,CDU/CSU,Körber,Carsten,,1,0,0,0,0,Carsten Körber
18,152,2,CDU/CSU,Koschyk,Hartmut,,1,0,0,0,0,Hartmut Koschyk
18,152,2,CDU/CSU,Kovac,Kordula,,1,0,0,0,0,Kordula Kovac
18,152,2,CDU/CSU,Kretschmer,Michael,,1,0,0,0,0,Michael Kretschmer
18,152,2,CDU/CSU,Krichbaum,Gunther,,1,0,0,0,0,Gunther Krichbaum
18,152,2,CDU/CSU,Krings,Günter,,1,0,0,0,0,Dr. Günter Krings
18,152,2,CDU/CSU,Kruse,Rüdiger,,1,0,0,0,0,Rüdiger Kruse
18,152,2,CDU/CSU,Kudla,Bettina,,1,0,0,0,0,Bettina Kudla
18,152,2,CDU/CSU,Kühne,Roy,,1,0,0,0,0,Dr. Roy Kühne
18,152,2,CDU/CSU,Lach,Günter,,1,0,0,0,0,Günter Lach
18,152,2,CDU/CSU,Lagosky,Uwe,,1,0,0,0,0,Uwe Lagosky
18,152,2,CDU/CSU,Lamers,Karl A.,,1,0,0,0,0,Dr. Karl A. Lamers
18,152,2,CDU/CSU,Lämmel,Andreas G.,,1,0,0,0,0,Andreas G. Lämmel
18,152,2,CDU/CSU,Lammert,Norbert,,1,0,0,0,0,Dr. Norbert Lammert
18,152,2,CDU/CSU,Landgraf,Katharina,,1,0,0,0,0,Katharina Landgraf
18,152,2,CDU/CSU,Lange,Ulrich,,1,0,0,0,0,Ulrich Lange
18,152,2,CDU/CSU,Lanzinger,Barbara,,1,0,0,0,0,Barbara Lanzinger
18,152,2,CDU/CSU,Launert,Silke,,0,0,0,0,1,Dr. Silke Launert
18,152,2,CDU/CSU,Lehrieder,Paul,,1,0,0,0,0,Paul Lehrieder
18,152,2,CDU/CSU,Leikert,Katja,,1,0,0,0,0,Dr. Katja Leikert
18,152,2,CDU/CSU,Lengsfeld,Philipp,,1,0,0,0,0,Dr. Philipp Lengsfeld
18,152,2,CDU/CSU,Lenz,Andreas,,1,0,0,0,0,Dr. Andreas Lenz
18,152,2,CDU/CSU,Lerchenfeld,Philipp,Graf,1,0,0,0,0,Philipp Graf Lerchenfeld
18,152,2,CDU/CSU,Leyen,Ursula,von der,1,0,0,0,0,Dr. Ursula von der Leyen
18,152,2,CDU/CSU,Lezius,Antje,,1,0,0,0,0,Antje Lezius
18,152,2,CDU/CSU,Liebing,Ingbert,,1,0,0,0,0,Ingbert Liebing
18,152,2,CDU/CSU,Lietz,Matthias,,1,0,0,0,0,Matthias Lietz
18,152,2,CDU/CSU,Lindholz,Andrea,,1,0,0,0,0,Andrea Lindholz
18,152,2,CDU/CSU,Linnemann,Carsten,,1,0,0,0,0,Dr. Carsten Linnemann
18,152,2,CDU/CSU,Lips,Patricia,,1,0,0,0,0,Patricia Lips
18,152,2,CDU/CSU,Lorenz,Wilfried,,1,0,0,0,0,Wilfried Lorenz
18,152,2,CDU/CSU,Lücking-Michel,Claudia,,1,0,0,0,0,Dr. Claudia Lücking-Michel
18,152,2,CDU/CSU,Luczak,Jan-Marco,,1,0,0,0,0,Dr. Jan-Marco Luczak
18,152,2,CDU/CSU,Ludwig,Daniela,,1,0,0,0,0,Daniela Ludwig
18,152,2,CDU/CSU,Maag,Karin,,1,0,0,0,0,Karin Maag
18,152,2,CDU/CSU,Magwas,Yvonne,,0,0,0,0,1,Yvonne Magwas
18,152,2,CDU/CSU,Mahlberg,Thomas,,1,0,0,0,0,Thomas Mahlberg
18,152,2,CDU/CSU,Maizière,Thomas,de,1,0,0,0,0,Dr. Thomas de Maizière
18,152,2,CDU/CSU,Manderla,Gisela,,1,0,0,0,0,Gisela Manderla
18,152,2,CDU/CSU,Marschall,Matern,von,1,0,0,0,0,Matern von Marschall
18,152,2,CDU/CSU,Marwitz,Hans-Georg,von der,1,0,0,0,0,Hans-Georg von der Marwitz
18,152,2,CDU/CSU,Mattfeldt,Andreas,,0,0,0,0,1,Andreas Mattfeldt
18,152,2,CDU/CSU,Mayer (Altötting),Stephan,,1,0,0,0,0,Stephan Mayer (Altötting)
18,152,2,CDU/CSU,Meier,Reiner,,1,0,0,0,0,Reiner Meier
18,152,2,CDU/CSU,Meister,Michael,,1,0,0,0,0,Dr. Michael Meister
18,152,2,CDU/CSU,Merkel,Angela,,0,0,0,0,1,Dr. Angela Merkel
18,152,2,CDU/CSU,Metzler,Jan,,1,0,0,0,0,Jan Metzler
18,152,2,CDU/CSU,Michalk,Maria,,1,0,0,0,0,Maria Michalk
18,152,2,CDU/CSU,Michelbach,Hans,,1,0,0,0,0,Dr. h.c. Hans Michelbach
18,152,2,CDU/CSU,Middelberg,Mathias,,1,0,0,0,0,Dr. Mathias Middelberg
18,152,2,CDU/CSU,Monstadt,Dietrich,,1,0,0,0,0,Dietrich Monstadt
18,152,2,CDU/CSU,Möring,Karsten,,1,0,0,0,0,Karsten Möring
18,152,2,CDU/CSU,Mortler,Marlene,,1,0,0,0,0,Marlene Mortler
18,152,2,CDU/CSU,Mosblech,Volker,,1,0,0,0,0,Volker Mosblech
18,152,2,CDU/CSU,Motschmann,Elisabeth,,1,0,0,0,0,Elisabeth Motschmann
18,152,2,CDU/CSU,Müller,Gerd,,0,0,0,0,1,Dr. Gerd Müller
18,152,2,CDU/CSU,Müller (Braunschweig),Carsten,,1,0,0,0,0,Carsten Müller (Braunschweig)
18,152,2,CDU/CSU,Müller (Erlangen),Stefan,,1,0,0,0,0,Stefan Müller (Erlangen)
18,152,2,CDU/CSU,Murmann,Philipp,,1,0,0,0,0,Dr. Philipp Murmann
18,152,2,CDU/CSU,Nick,Andreas,,1,0,0,0,0,Dr. Andreas Nick
18,152,2,CDU/CSU,Noll,Michaela,,1,0,0,0,0,Michaela Noll
18,152,2,CDU/CSU,Nowak,Helmut,,1,0,0,0,0,Helmut Nowak
18,152,2,CDU/CSU,Nüßlein,Georg,,1,0,0,0,0,Dr. Georg Nüßlein
18,152,2,CDU/CSU,Obermeier,Julia,,1,0,0,0,0,Julia Obermeier
18,152,2,CDU/CSU,Oellers,Wilfried,,1,0,0,0,0,Wilfried Oellers
18,152,2,CDU/CSU,Oßner,Florian,,1,0,0,0,0,Florian Oßner
18,152,2,CDU/CSU,Ostermann,Tim,,1,0,0,0,0,Dr. Tim Ostermann
18,152,2,CDU/CSU,Otte,Henning,,1,0,0,0,0,Henning Otte
18,152,2,CDU/CSU,Pahlmann,Ingrid,,1,0,0,0,0,Ingrid Pahlmann
18,152,2,CDU/CSU,Pantel,Sylvia,,1,0,0,0,0,Sylvia Pantel
18,152,2,CDU/CSU,Patzelt,Martin,,1,0,0,0,0,Martin Patzelt
18,152,2,CDU/CSU,Pätzold,Martin,,1,0,0,0,0,Dr. Martin Pätzold
18,152,2,CDU/CSU,Petzold,Ulrich,,1,0,0,0,0,Ulrich Petzold
18,152,2,CDU/CSU,Pfeiffer,Joachim,,1,0,0,0,0,Dr. Joachim Pfeiffer
18,152,2,CDU/CSU,Pfeiffer,Sibylle,,0,0,0,0,1,Sibylle Pfeiffer
18,152,2,CDU/CSU,Pols,Eckhard,,1,0,0,0,0,Eckhard Pols
18,152,2,CDU/CSU,Rachel,Thomas,,1,0,0,0,0,Thomas Rachel
18,152,2,CDU/CSU,Radomski,Kerstin,,0,0,0,0,1,Kerstin Radomski
18,152,2,CDU/CSU,Radwan,Alexander,,1,0,0,0,0,Alexander Radwan
18,152,2,CDU/CSU,Rainer,Alois,,1,0,0,0,0,Alois Rainer
18,152,2,CDU/CSU,Ramsauer,Peter,,0,0,0,0,1,Dr. Peter Ramsauer
18,152,2,CDU/CSU,Rehberg,Eckhardt,,1,0,0,0,0,Eckhardt Rehberg
18,152,2,CDU/CSU,Riebsamen,Lothar,,1,0,0,0,0,Lothar Riebsamen
18,152,2,CDU/CSU,Rief,Josef,,1,0,0,0,0,Josef Rief
18,152,2,CDU/CSU,Riesenhuber,Heinz,,1,0,0,0,0,Dr. Heinz Riesenhuber
18,152,2,CDU/CSU,Röring,Johannes,,0,0,0,0,1,Johannes Röring
18,152,2,CDU/CSU,Röttgen,Norbert,,1,0,0,0,0,Dr. Norbert Röttgen
18,152,2,CDU/CSU,Rüddel,Erwin,,1,0,0,0,0,Erwin Rüddel
18,152,2,CDU/CSU,Rupprecht,Albert,,0,0,0,0,1,Albert Rupprecht
18,152,2,CDU/CSU,Schäfer (Saalstadt),Anita,,1,0,0,0,0,Anita Schäfer (Saalstadt)
18,152,2,CDU/CSU,Schäuble,Wolfgang,,0,0,0,0,1,Dr. Wolfgang Schäuble
18,152,2,CDU/CSU,Scheuer,Andreas,,0,0,0,0,1,Andreas Scheuer
18,152,2,CDU/CSU,Schiewerling,Karl,,1,0,0,0,0,Karl Schiewerling
18,152,2,CDU/CSU,Schimke,Jana,,1,0,0,0,0,Jana Schimke
18,152,2,CDU/CSU,Schindler,Norbert,,1,0,0,0,0,Norbert Schindler
18,152,2,CDU/CSU,Schipanski,Tankred,,1,0,0,0,0,Tankred Schipanski
18,152,2,CDU/CSU,Schmelzle,Heiko,,1,0,0,0,0,Heiko Schmelzle
18,152,2,CDU/CSU,Schmidt (Fürth),Christian,,1,0,0,0,0,Christian Schmidt (Fürth)
18,152,2,CDU/CSU,Schmidt (Ühlingen),Gabriele,,1,0,0,0,0,Gabriele Schmidt (Ühlingen)
18,152,2,CDU/CSU,Schmitt,Ronja,,1,0,0,0,0,Ronja Schmitt
18,152,2,CDU/CSU,Schnieder,Patrick,,1,0,0,0,0,Patrick Schnieder
18,152,2,CDU/CSU,Schön (St. Wendel),Nadine,,1,0,0,0,0,Nadine Schön (St. Wendel)
18,152,2,CDU/CSU,Schröder,Ole,,1,0,0,0,0,Dr. Ole Schröder
18,152,2,CDU/CSU,Schröder (Wiesbaden),Kristina,,1,0,0,0,0,Dr. Kristina Schröder (Wiesbaden)
18,152,2,CDU/CSU,Schulte-Drüggelte,Bernhard,,1,0,0,0,0,Bernhard Schulte-Drüggelte
18,152,2,CDU/CSU,Schulze,Klaus-Peter,,1,0,0,0,0,Dr. Klaus-Peter Schulze
18,152,2,CDU/CSU,Schummer,Uwe,,1,0,0,0,0,Uwe Schummer
18,152,2,CDU/CSU,Schuster (Weil am Rhein),Armin,,1,0,0,0,0,Armin Schuster (Weil am Rhein)
18,152,2,CDU/CSU,Schwarzer,Christina,,1,0,0,0,0,Christina Schwarzer
18,152,2,CDU/CSU,Seif,Detlef,,1,0,0,0,0,Detlef Seif
18,152,2,CDU/CSU,Selle,Johannes,,1,0,0,0,0,Johannes Selle
18,152,2,CDU/CSU,Sendker,Reinhold,,1,0,0,0,0,Reinhold Sendker
18,152,2,CDU/CSU,Sensburg,Patrick,,1,0,0,0,0,Dr. Patrick Sensburg
18,152,2,CDU/CSU,Siebert,Bernd,,1,0,0,0,0,Bernd Siebert
18,152,2,CDU/CSU,Silberhorn,Thomas,,1,0,0,0,0,Thomas Silberhorn
18,152,2,CDU/CSU,Singhammer,Johannes,,1,0,0,0,0,Johannes Singhammer
18,152,2,CDU/CSU,Sorge,Tino,,1,0,0,0,0,Tino Sorge
18,152,2,CDU/CSU,Spahn,Jens,,0,0,0,0,1,Jens Spahn
18,152,2,CDU/CSU,Stauche,Carola,,1,0,0,0,0,Carola Stauche
18,152,2,CDU/CSU,Steffel,Frank,,1,0,0,0,0,Dr. Frank Steffel
18,152,2,CDU/CSU,Stefinger,Wolfgang,,1,0,0,0,0,Dr. Wolfgang Stefinger
18,152,2,CDU/CSU,Stegemann,Albert,,1,0,0,0,0,Albert Stegemann
18,152,2,CDU/CSU,Stein,Peter,,1,0,0,0,0,Peter Stein
18,152,2,CDU/CSU,Steinbach,Erika,,1,0,0,0,0,Erika Steinbach
18,152,2,CDU/CSU,Steineke,Sebastian,,1,0,0,0,0,Sebastian Steineke
18,152,2,CDU/CSU,Steiniger,Johannes,,1,0,0,0,0,Johannes Steiniger
18,152,2,CDU/CSU,Stetten,Christian,Frhr. von,1,0,0,0,0,Christian Frhr. von Stetten
18,152,2,CDU/CSU,Stier,Dieter,,1,0,0,0,0,Dieter Stier
18,152,2,CDU/CSU,Stockhofe,Rita,,1,0,0,0,0,Rita Stockhofe
18,152,2,CDU/CSU,Storjohann,Gero,,1,0,0,0,0,Gero Storjohann
18,152,2,CDU/CSU,Stracke,Stephan,,1,0,0,0,0,Stephan Stracke
18,152,2,CDU/CSU,Straubinger,Max,,1,0,0,0,0,Max Straubinger
18,152,2,CDU/CSU,Strebl,Matthäus,,1,0,0,0,0,Matthäus Strebl
18,152,2,CDU/CSU,Strenz,Karin,,0,0,0,0,1,Karin Strenz
18,152,2,CDU/CSU,Stritzl,Thomas,,1,0,0,0,0,Thomas Stritzl
18,152,2,CDU/CSU,Strobl (Heilbronn),Thomas,,1,0,0,0,0,Thomas Strobl (Heilbronn)
18,152,2,CDU/CSU,Strothmann,Lena,,1,0,0,0,0,Lena Strothmann
18,152,2,CDU/CSU,Stübgen,Michael,,1,0,0,0,0,Michael Stübgen
18,152,2,CDU/CSU,Sütterlin-Waack,Sabine,,1,0,0,0,0,Dr. Sabine Sütterlin-Waack
18,152,2,CDU/CSU,Tauber,Peter,,1,0,0,0,0,Dr. Peter Tauber
18,152,2,CDU/CSU,Tillmann,Antje,,1,0,0,0,0,Antje Tillmann
18,152,2,CDU/CSU,Timmermann-Fechter,Astrid,,0,0,0,0,1,Astrid Timmermann-Fechter
18,152,2,CDU/CSU,Uhl,Hans-Peter,,1,0,0,0,0,Dr. Hans-Peter Uhl
18,152,2,CDU/CSU,Ullrich,Volker,,1,0,0,0,0,Dr. Volker Ullrich
18,152,2,CDU/CSU,Vaatz,Arnold,,1,0,0,0,0,Arnold Vaatz
18,152,2,CDU/CSU,Veith,Oswin,,1,0,0,0,0,Oswin Veith
18,152,2,CDU/CSU,Viesehon,Thomas,,1,0,0,0,0,Thomas Viesehon
18,152,2,CDU/CSU,Vietz,Michael,,1,0,0,0,0,Michael Vietz
18,152,2,CDU/CSU,Vogel (Kleinsaara),Volkmar,,1,0,0,0,0,Volkmar Vogel (Kleinsaara)
18,152,2,CDU/CSU,Volmering,Sven,,1,0,0,0,0,Sven Volmering
18,152,2,CDU/CSU,Voßbeck-Kayser,Christel,,1,0,0,0,0,Christel Voßbeck-Kayser
18,152,2,CDU/CSU,Vries,Kees,de,1,0,0,0,0,Kees de Vries
18,152,2,CDU/CSU,Wadephul,Johann,,1,0,0,0,0,Dr. Johann Wadephul
18,152,2,CDU/CSU,Wanderwitz,Marco,,1,0,0,0,0,Marco Wanderwitz
18,152,2,CDU/CSU,Warken,Nina,,0,0,0,0,1,Nina Warken
18,152,2,CDU/CSU,Wegner,Kai,,1,0,0,0,0,Kai Wegner
18,152,2,CDU/CSU,Weiler,Albert,,1,0,0,0,0,Albert Weiler
18,152,2,CDU/CSU,Weinberg (Hamburg),Marcus,,1,0,0,0,0,Marcus Weinberg (Hamburg)
18,152,2,CDU/CSU,Weisgerber,Anja,,1,0,0,0,0,Dr. Anja Weisgerber
18,152,2,CDU/CSU,Weiß (Emmendingen),Peter,,1,0,0,0,0,Peter Weiß (Emmendingen)
18,152,2,CDU/CSU,Weiss (Wesel I),Sabine,,1,0,0,0,0,Sabine Weiss (Wesel I)
18,152,2,CDU/CSU,Wellenreuther,Ingo,,1,0,0,0,0,Ingo Wellenreuther
18,152,2,CDU/CSU,Wellmann,Karl-Georg,,1,0,0,0,0,Karl-Georg Wellmann
18,152,2,CDU/CSU,Wendt,Marian,,1,0,0,0,0,Marian Wendt
18,152,2,CDU/CSU,Westermayer,Waldemar,,1,0,0,0,0,Waldemar Westermayer
18,152,2,CDU/CSU,Whittaker,Kai,,1,0,0,0,0,Kai Whittaker
18,152,2,CDU/CSU,Wichtel,Peter,,1,0,0,0,0,Peter Wichtel
18,152,2,CDU/CSU,Widmann-Mauz,Annette,,1,0,0,0,0,Annette Widmann-Mauz
18,152,2,CDU/CSU,Wiese (Ehingen),Heinz,,1,0,0,0,0,Heinz Wiese (Ehingen)
18,152,2,CDU/CSU,Willsch,Klaus-Peter,,1,0,0,0,0,Klaus-Peter Willsch
18,152,2,CDU/CSU,Winkelmeier-Becker,Elisabeth,,1,0,0,0,0,Elisabeth Winkelmeier-Becker
18,152,2,CDU/CSU,Wittke,Oliver,,0,0,0,0,1,Oliver Wittke
18,152,2,CDU/CSU,Wöhrl,Dagmar G.,,1,0,0,0,0,Dagmar G. Wöhrl
18,152,2,CDU/CSU,Woltmann,Barbara,,0,0,0,0,1,Barbara Woltmann
18,152,2,CDU/CSU,Zech,Tobias,,0,0,0,0,1,Tobias Zech
18,152,2,CDU/CSU,Zertik,Heinrich,,1,0,0,0,0,Heinrich Zertik
18,152,2,CDU/CSU,Zeulner,Emmi,,1,0,0,0,0,Emmi Zeulner
18,152,2,CDU/CSU,Zimmer,Matthias,,1,0,0,0,0,Dr. Matthias Zimmer
18,152,2,CDU/CSU,Zollner,Gudrun,,1,0,0,0,0,Gudrun Zollner
18,152,2,SPD,Annen,Niels,,1,0,0,0,0,Niels Annen
18,152,2,SPD,Arndt-Brauer,Ingrid,,1,0,0,0,0,Ingrid Arndt-Brauer
18,152,2,SPD,Arnold,Rainer,,1,0,0,0,0,Rainer Arnold
18,152,2,SPD,Baehrens,Heike,,1,0,0,0,0,Heike Baehrens
18,152,2,SPD,Bahr,Ulrike,,0,1,0,0,0,Ulrike Bahr
18,152,2,SPD,Barchmann,Heinz-Joachim,,1,0,0,0,0,Heinz-Joachim Barchmann
18,152,2,SPD,Barley,Katarina,,1,0,0,0,0,Dr. Katarina Barley
18,152,2,SPD,Barnett,Doris,,0,0,0,0,1,Doris Barnett
18,152,2,SPD,Barthel,Klaus,,0,1,0,0,0,Klaus Barthel
18,152,2,SPD,Bartke,Matthias,,1,0,0,0,0,Dr. Matthias Bartke
18,152,2,SPD,Bartol,Sören,,1,0,0,0,0,Sören Bartol
18,152,2,SPD,Bas,Bärbel,,1,0,0,0,0,Bärbel Bas
18,152,2,SPD,Beckmeyer,Uwe,,1,0,0,0,0,Uwe Beckmeyer
18,152,2,SPD,Binding (Heidelberg),Lothar,,1,0,0,0,0,Lothar Binding (Heidelberg)
18,152,2,SPD,Blienert,Burkhard,,1,0,0,0,0,Burkhard Blienert
18,152,2,SPD,Brase,Willi,,1,0,0,0,0,Willi Brase
18,152,2,SPD,Brunner,Karl-Heinz,,1,0,0,0,0,Dr. Karl-Heinz Brunner
18,152,2,SPD,Bulmahn,Edelgard,,1,0,0,0,0,Edelgard Bulmahn
18,152,2,SPD,Bülow,Marco,,0,1,0,0,0,Marco Bülow
18,152,2,SPD,Burkert,Martin,,0,0,0,0,1,Martin Burkert
18,152,2,SPD,Castellucci,Lars,,1,0,0,0,0,Dr. Lars Castellucci
18,152,2,SPD,Crone,Petra,,1,0,0,0,0,Petra Crone
18,152,2,SPD,Daldrup,Bernhard,,1,0,0,0,0,Bernhard Daldrup
18,152,2,SPD,De Ridder,Daniela,,1,0,0,0,0,Dr. Daniela De Ridder
18,152,2,SPD,Diaby,Karamba,,1,0,0,0,0,Dr. Karamba Diaby
18,152,2,SPD,Dittmar,Sabine,,1,0,0,0,0,Sabine Dittmar
18,152,2,SPD,Dörmann,Martin,,1,0,0,0,0,Martin Dörmann
18,152,2,SPD,Drobinski-Weiß,Elvira,,1,0,0,0,0,Elvira Drobinski-Weiß
18,152,2,SPD,Ehrmann,Siegmund,,1,0,0,0,0,Siegmund Ehrmann
18,152,2,SPD,Engelmeier,Michaela,,1,0,0,0,0,Michaela Engelmeier
18,152,2,SPD,Erler,Gernot,,1,0,0,0,0,Dr. h.c. Gernot Erler
18,152,2,SPD,Ernstberger,Petra,,1,0,0,0,0,Petra Ernstberger
18,152,2,SPD,Esken,Saskia,,1,0,0,0,0,Saskia Esken
18,152,2,SPD,Evers-Meyer,Karin,,1,0,0,0,0,Karin Evers-Meyer
18,152,2,SPD,Fechner,Johannes,,1,0,0,0,0,Dr. Johannes Fechner
18,152,2,SPD,Felgentreu,Fritz,,1,0,0,0,0,Dr. Fritz Felgentreu
18,152,2,SPD,Ferner,Elke,,0,0,0,0,1,Elke Ferner
18,152,2,SPD,Finckh-Krämer,Ute,,0,1,0,0,0,Dr. Ute Finckh-Krämer
18,152,2,SPD,Flisek,Christian,,1,0,0,0,0,Christian Flisek
18,152,2,SPD,Fograscher,Gabriele,,1,0,0,0,0,Gabriele Fograscher
18,152,2,SPD,Franke,Edgar,,1,0,0,0,0,Dr. Edgar Franke
18,152,2,SPD,Freese,Ulrich,,1,0,0,0,0,Ulrich Freese
18,152,2,SPD,Freitag,Dagmar,,1,0,0,0,0,Dagmar Freitag
18,152,2,SPD,Gabriel,Sigmar,,0,0,0,0,1,Sigmar Gabriel
18,152,2,SPD,Gerdes,Michael,,1,0,0,0,0,Michael Gerdes
18,152,2,SPD,Gerster,Martin,,1,0,0,0,0,Martin Gerster
18,152,2,SPD,Gleicke,Iris,,0,0,0,0,1,Iris Gleicke
18,152,2,SPD,Glöckner,Angelika,,1,0,0,0,0,Angelika Glöckner
18,152,2,SPD,Gottschalck,Ulrike,,1,0,0,0,0,Ulrike Gottschalck
18,152,2,SPD,Griese,Kerstin,,1,0,0,0,0,Kerstin Griese
18,152,2,SPD,Groneberg,Gabriele,,1,0,0,0,0,Gabriele Groneberg
18,152,2,SPD,Groß,Michael,,1,0,0,0,0,Michael Groß
18,152,2,SPD,Grötsch,Uli,,1,0,0,0,0,Uli Grötsch
18,152,2,SPD,Gunkel,Wolfgang,,1,0,0,0,0,Wolfgang Gunkel
18,152,2,SPD,Hagedorn,Bettina,,1,0,0,0,0,Bettina Hagedorn
18,152,2,SPD,Hagl-Kehl,Rita,,1,0,0,0,0,Rita Hagl-Kehl
18,152,2,SPD,Hakverdi,Metin,,1,0,0,0,0,Metin Hakverdi
18,152,2,SPD,Hampel,Ulrich,,1,0,0,0,0,Ulrich Hampel
18,152,2,SPD,Hartmann,Sebastian,,1,0,0,0,0,Sebastian Hartmann
18,152,2,SPD,Hartmann (Wackernheim),Michael,,1,0,0,0,0,Michael Hartmann (Wackernheim)
18,152,2,SPD,Heidenblut,Dirk,,1,0,0,0,0,Dirk Heidenblut
18,152,2,SPD,Heil (Peine),Hubertus,,1,0,0,0,0,Hubertus Heil (Peine)
18,152,2,SPD,Heinrich,Gabriela,,0,0,0,0,1,Gabriela Heinrich
18,152,2,SPD,Held,Marcus,,1,0,0,0,0,Marcus Held
18,152,2,SPD,Hellmich,Wolfgang,,1,0,0,0,0,Wolfgang Hellmich
18,152,2,SPD,Hendricks,Barbara,,0,0,0,0,1,Dr. Barbara Hendricks
18,152,2,SPD,Henn,Heidtrud,,1,0,0,0,0,Heidtrud Henn
18,152,2,SPD,Herzog,Gustav,,1,0,0,0,0,Gustav Herzog
18,152,2,SPD,Hiller-Ohm,Gabriele,,0,1,0,0,0,Gabriele Hiller-Ohm
18,152,2,SPD,Hinz (Essen),Petra,,0,0,1,0,0,Petra Hinz (Essen)
18,152,2,SPD,Hitschler,Thomas,,0,0,0,0,1,Thomas Hitschler
18,152,2,SPD,Högl,Eva,,1,0,0,0,0,Dr. Eva Högl
18,152,2,SPD,Ilgen,Matthias,,1,0,0,0,0,Matthias Ilgen
18,152,2,SPD,Jantz,Christina,,0,0,0,0,1,Christina Jantz
18,152,2,SPD,Junge,Frank,,1,0,0,0,0,Frank Junge
18,152,2,SPD,Juratovic,Josip,,1,0,0,0,0,Josip Juratovic
18,152,2,SPD,Jurk,Thomas,,1,0,0,0,0,Thomas Jurk
18,152,2,SPD,Kaczmarek,Oliver,,1,0,0,0,0,Oliver Kaczmarek
18,152,2,SPD,Kahrs,Johannes,,1,0,0,0,0,Johannes Kahrs
18,152,2,SPD,Kapschack,Ralf,,0,1,0,0,0,Ralf Kapschack
18,152,2,SPD,Katzmarek,Gabriele,,1,0,0,0,0,Gabriele Katzmarek
18,152,2,SPD,Kelber,Ulrich,,1,0,0,0,0,Ulrich Kelber
18,152,2,SPD,Kermer,Marina,,1,0,0,0,0,Marina Kermer
18,152,2,SPD,Kiziltepe,Cansel,,0,1,0,0,0,Cansel Kiziltepe
18,152,2,SPD,Klare,Arno,,1,0,0,0,0,Arno Klare
18,152,2,SPD,Klingbeil,Lars,,1,0,0,0,0,Lars Klingbeil
18,152,2,SPD,Kofler,Bärbel,,1,0,0,0,0,Dr. Bärbel Kofler
18,152,2,SPD,Kolbe,Daniela,,1,0,0,0,0,Daniela Kolbe
18,152,2,SPD,Kömpel,Birgit,,1,0,0,0,0,Birgit Kömpel
18,152,2,SPD,Kramme,Anette,,0,0,0,0,1,Anette Kramme
18,152,2,SPD,Krüger,Hans-Ulrich,,0,0,0,0,1,Dr. Hans-Ulrich Krüger
18,152,2,SPD,Kühn-Mengel,Helga,,1,0,0,0,0,Helga Kühn-Mengel
18,152,2,SPD,Lambrecht,Christine,,1,0,0,0,0,Christine Lambrecht
18,152,2,SPD,Lange (Backnang),Christian,,1,0,0,0,0,Christian Lange (Backnang)
18,152,2,SPD,Lauterbach,Karl,,1,0,0,0,0,Dr. Karl Lauterbach
18,152,2,SPD,Lemme,Steffen-Claudio,,1,0,0,0,0,Steffen-Claudio Lemme
18,152,2,SPD,Lischka,Burkhard,,1,0,0,0,0,Burkhard Lischka
18,152,2,SPD,Lösekrug-Möller,Gabriele,,1,0,0,0,0,Gabriele Lösekrug-Möller
18,152,2,SPD,Lotze,Hiltrud,,1,0,0,0,0,Hiltrud Lotze
18,152,2,SPD,Lühmann,Kirsten,,0,0,0,0,1,Kirsten Lühmann
18,152,2,SPD,Malecha-Nissen,Birgit,,1,0,0,0,0,Dr. Birgit Malecha-Nissen
18,152,2,SPD,Marks,Caren,,1,0,0,0,0,Caren Marks
18,152,2,SPD,Mast,Katja,,1,0,0,0,0,Katja Mast
18,152,2,SPD,Mattheis,Hilde,,0,1,0,0,0,Hilde Mattheis
18,152,2,SPD,Miersch,Matthias,,1,0,0,0,0,Dr. Matthias Miersch
18,152,2,SPD,Mindrup,Klaus,,1,0,0,0,0,Klaus Mindrup
18,152,2,SPD,Mittag,Susanne,,1,0,0,0,0,Susanne Mittag
18,152,2,SPD,Müller,Bettina,,1,0,0,0,0,Bettina Müller
18,152,2,SPD,Müller (Chemnitz),Detlef,,1,0,0,0,0,Detlef Müller (Chemnitz)
18,152,2,SPD,Müntefering,Michelle,,1,0,0,0,0,Michelle Müntefering
18,152,2,SPD,Mützenich,Rolf,,1,0,0,0,0,Dr. Rolf Mützenich
18,152,2,SPD,Nahles,Andrea,,0,0,0,0,1,Andrea Nahles
18,152,2,SPD,Nietan,Dietmar,,0,0,0,0,1,Dietmar Nietan
18,152,2,SPD,Nissen,Ulli,,1,0,0,0,0,Ulli Nissen
18,152,2,SPD,Oppermann,Thomas,,0,0,0,0,1,Thomas Oppermann
18,152,2,SPD,Özdemir (Duisburg),Mahmut,,0,1,0,0,0,Mahmut Özdemir (Duisburg)
18,152,2,SPD,Özoguz,Aydan,,1,0,0,0,0,Aydan Özoguz
18,152,2,SPD,Paschke,Markus,,1,0,0,0,0,Markus Paschke
18,152,2,SPD,Petry,Christian,,1,0,0,0,0,Christian Petry
18,152,2,SPD,Pflugradt,Jeannine,,1,0,0,0,0,Jeannine Pflugradt
18,152,2,SPD,Pilger,Detlev,,1,0,0,0,0,Detlev Pilger
18,152,2,SPD,Poschmann,Sabine,,1,0,0,0,0,Sabine Poschmann
18,152,2,SPD,Poß,Joachim,,1,0,0,0,0,Joachim Poß
18,152,2,SPD,Post,Florian,,1,0,0,0,0,Florian Post
18,152,2,SPD,Post (Minden),Achim,,1,0,0,0,0,Achim Post (Minden)
18,152,2,SPD,Priesmeier,Wilhelm,,1,0,0,0,0,Dr. Wilhelm Priesmeier
18,152,2,SPD,Pronold,Florian,,1,0,0,0,0,Florian Pronold
18,152,2,SPD,Raabe,Sascha,,1,0,0,0,0,Dr. Sascha Raabe
18,152,2,SPD,Raatz,Simone,,1,0,0,0,0,Dr. Simone Raatz
18,152,2,SPD,Rabanus,Martin,,1,0,0,0,0,Martin Rabanus
18,152,2,SPD,Rawert,Mechthild,,0,0,0,0,1,Mechthild Rawert
18,152,2,SPD,Rebmann,Stefan,,1,0,0,0,0,Stefan Rebmann
18,152,2,SPD,Reichenbach,Gerold,,1,0,0,0,0,Gerold Reichenbach
18,152,2,SPD,Reimann,Carola,,1,0,0,0,0,Dr. Carola Reimann
18,152,2,SPD,Rimkus,Andreas,,1,0,0,0,0,Andreas Rimkus
18,152,2,SPD,Rix,Sönke,,1,0,0,0,0,Sönke Rix
18,152,2,SPD,Rode-Bosse,Petra,,1,0,0,0,0,Petra Rode-Bosse
18,152,2,SPD,Rohde,Dennis,,1,0,0,0,0,Dennis Rohde
18,152,2,SPD,Rosemann,Martin,,1,0,0,0,0,Dr. Martin Rosemann
18,152,2,SPD,Röspel,René,,0,1,0,0,0,René Röspel
18,152,2,SPD,Rossmann,Ernst Dieter,,1,0,0,0,0,Dr. Ernst Dieter Rossmann
18,152,2,SPD,Roth (Heringen),Michael,,1,0,0,0,0,Michael Roth (Heringen)
18,152,2,SPD,Rüthrich,Susann,,1,0,0,0,0,Susann Rüthrich
18,152,2,SPD,Rützel,Bernd,,1,0,0,0,0,Bernd Rützel
18,152,2,SPD,Ryglewski,Sarah,,1,0,0,0,0,Sarah Ryglewski
18,152,2,SPD,Saathoff,Johann,,1,0,0,0,0,Johann Saathoff
18,152,2,SPD,Sawade,Annette,,1,0,0,0,0,Annette Sawade
18,152,2,SPD,Schabedoth,Hans-Joachim,,1,0,0,0,0,Dr. Hans-Joachim Schabedoth
18,152,2,SPD,Schäfer (Bochum),Axel,,1,0,0,0,0,Axel Schäfer (Bochum)
18,152,2,SPD,Scheer,Nina,,0,1,0,0,0,Dr. Nina Scheer
18,152,2,SPD,Schieder,Marianne,,1,0,0,0,0,Marianne Schieder
18,152,2,SPD,Schiefner,Udo,,1,0,0,0,0,Udo Schiefner
18,152,2,SPD,Schlegel,Dorothee,,1,0,0,0,0,Dr. Dorothee Schlegel
18,152,2,SPD,Schmidt (Aachen),Ulla,,1,0,0,0,0,Ulla Schmidt (Aachen)
18,152,2,SPD,Schmidt (Berlin),Matthias,,1,0,0,0,0,Matthias Schmidt (Berlin)
18,152,2,SPD,Schmidt (Wetzlar),Dagmar,,1,0,0,0,0,Dagmar Schmidt (Wetzlar)
18,152,2,SPD,Schneider (Erfurt),Carsten,,1,0,0,0,0,Carsten Schneider (Erfurt)
18,152,2,SPD,Scho-Antwerpes,Elfi,,1,0,0,0,0,Elfi Scho-Antwerpes
18,152,2,SPD,Schulte,Ursula,,1,0,0,0,0,Ursula Schulte
18,152,2,SPD,Schulz (Spandau),Swen,,0,1,0,0,0,Swen Schulz (Spandau)
18,152,2,SPD,Schurer,Ewald,,1,0,0,0,0,Ewald Schurer
18,152,2,SPD,Schwabe,Frank,,0,0,0,0,1,Frank Schwabe
18,152,2,SPD,Schwartze,Stefan,,0,0,0,0,1,Stefan Schwartze
18,152,2,SPD,Schwarz,Andreas,,1,0,0,0,0,Andreas Schwarz
18,152,2,SPD,Schwarzelühr-Sutter,Rita,,1,0,0,0,0,Rita Schwarzelühr-Sutter
18,152,2,SPD,Spiering,Rainer,,1,0,0,0,0,Rainer Spiering
18,152,2,SPD,Spinrath,Norbert,,1,0,0,0,0,Norbert Spinrath
18,152,2,SPD,Stadler,Svenja,,1,0,0,0,0,Svenja Stadler
18,152,2,SPD,Stamm-Fibich,Martina,,1,0,0,0,0,Martina Stamm-Fibich
18,152,2,SPD,Steffen,Sonja,,1,0,0,0,0,Sonja Steffen
18,152,2,SPD,Steinbrück,Peer,,1,0,0,0,0,Peer Steinbrück
18,152,2,SPD,Steinmeier,Frank-Walter,,1,0,0,0,0,Dr. Frank-Walter Steinmeier
18,152,2,SPD,Strässer,Christoph,,1,0,0,0,0,Christoph Strässer
18,152,2,SPD,Tack,Kerstin,,0,1,0,0,0,Kerstin Tack
18,152,2,SPD,Tausend,Claudia,,1,0,0,0,0,Claudia Tausend
18,152,2,SPD,Thews,Michael,,1,0,0,0,0,Michael Thews
18,152,2,SPD,Thissen,Karin,,1,0,0,0,0,Dr. Karin Thissen
18,152,2,SPD,Thönnes,Franz,,0,0,0,0,1,Franz Thönnes
18,152,2,SPD,Träger,Carsten,,1,0,0,0,0,Carsten Träger
18,152,2,SPD,Veit,Rüdiger,,0,0,0,0,1,Rüdiger Veit
18,152,2,SPD,Vogt,Ute,,1,0,0,0,0,Ute Vogt
18,152,2,SPD,Vöpel,Dirk,,1,0,0,0,0,Dirk Vöpel
18,152,2,SPD,Weber,Gabi,,1,0,0,0,0,Gabi Weber
18,152,2,SPD,Westphal,Bernd,,1,0,0,0,0,Bernd Westphal
18,152,2,SPD,Wicklein,Andrea,,0,0,0,0,1,Andrea Wicklein
18,152,2,SPD,Wiese,Dirk,,1,0,0,0,0,Dirk Wiese
18,152,2,SPD,Wolff (Wolmirstedt),Waltraud,,0,1,0,0,0,Waltraud Wolff (Wolmirstedt)
18,152,2,SPD,Yüksel,Gülistan,,1,0,0,0,0,Gülistan Yüksel
18,152,2,SPD,Ziegler,Dagmar,,1,0,0,0,0,Dagmar Ziegler
18,152,2,SPD,Zierke,Stefan,,1,0,0,0,0,Stefan Zierke
18,152,2,SPD,Zimmermann,Jens,,1,0,0,0,0,Dr. Jens Zimmermann
18,152,2,SPD,Zöllmer,Manfred,,1,0,0,0,0,Manfred Zöllmer
18,152,2,SPD,Zypries,Brigitte,,1,0,0,0,0,Brigitte Zypries
18,152,2,DIE LINKE.,Aken,Jan,van,0,1,0,0,0,Jan van Aken
18,152,2,DIE LINKE.,Bartsch,Dietmar,,0,1,0,0,0,Dr. Dietmar Bartsch
18,152,2,DIE LINKE.,Behrens,Herbert,,0,1,0,0,0,Herbert Behrens
18,152,2,DIE LINKE.,Binder,Karin,,0,1,0,0,0,Karin Binder
18,152,2,DIE LINKE.,Birkwald,Matthias W.,,0,1,0,0,0,Matthias W. Birkwald
18,152,2,DIE LINKE.,Bluhm,Heidrun,,0,0,0,0,1,Heidrun Bluhm
18,152,2,DIE LINKE.,Buchholz,Christine,,0,1,0,0,0,Christine Buchholz
18,152,2,DIE LINKE.,Bulling-Schröter,Eva,,0,1,0,0,0,Eva Bulling-Schröter
18,152,2,DIE LINKE.,Claus,Roland,,0,1,0,0,0,Roland Claus
18,152,2,DIE LINKE.,Dagdelen,Sevim,,0,1,0,0,0,Sevim Dagdelen
18,152,2,DIE LINKE.,Dehm,Diether,,0,1,0,0,0,Dr. Diether Dehm
18,152,2,DIE LINKE.,Ernst,Klaus,,0,1,0,0,0,Klaus Ernst
18,152,2,DIE LINKE.,Gehrcke,Wolfgang,,0,1,0,0,0,Wolfgang Gehrcke
18,152,2,DIE LINKE.,Gohlke,Nicole,,0,0,0,0,1,Nicole Gohlke
18,152,2,DIE LINKE.,Groth,Annette,,0,0,0,0,1,Annette Groth
18,152,2,DIE LINKE.,Gysi,Gregor,,0,0,0,0,1,Dr. Gregor Gysi
18,152,2,DIE LINKE.,Hahn,Andre,,0,1,0,0,0,Dr. Andre Hahn
18,152,2,DIE LINKE.,Hänsel,Heike,,0,1,0,0,0,Heike Hänsel
18,152,2,DIE LINKE.,Hein,Rosemarie,,0,1,0,0,0,Dr. Rosemarie Hein
18,152,2,DIE LINKE.,Höger,Inge,,0,1,0,0,0,Inge Höger
18,152,2,DIE LINKE.,Hunko,Andrej,,0,1,0,0,0,Andrej Hunko
18,152,2,DIE LINKE.,Hupach,Sigrid,,0,1,0,0,0,Sigrid Hupach
18,152,2,DIE LINKE.,Jelpke,Ulla,,0,1,0,0,0,Ulla Jelpke
18,152,2,DIE LINKE.,Karawanskij,Susanna,,0,1,0,0,0,Susanna Karawanskij
18,152,2,DIE LINKE.,Kassner,Kerstin,,0,1,0,0,0,Kerstin Kassner
18,152,2,DIE LINKE.,Kipping,Katja,,0,1,0,0,0,Katja Kipping
18,152,2,DIE LINKE.,Korte,Jan,,0,1,0,0,0,Jan Korte
18,152,2,DIE LINKE.,Krellmann,Jutta,,0,1,0,0,0,Jutta Krellmann
18,152,2,DIE LINKE.,Kunert,Katrin,,0,1,0,0,0,Katrin Kunert
18,152,2,DIE LINKE.,Lay,Caren,,0,1,0,0,0,Caren Lay
18,152,2,DIE LINKE.,Leidig,Sabine,,0,1,0,0,0,Sabine Leidig
18,152,2,DIE LINKE.,Lenkert,Ralph,,0,1,0,0,0,Ralph Lenkert
18,152,2,DIE LINKE.,Leutert,Michael,,0,1,0,0,0,Michael Leutert
18,152,2,DIE LINKE.,Liebich,Stefan,,0,1,0,0,0,Stefan Liebich
18,152,2,DIE LINKE.,Lötzsch,Gesine,,0,1,0,0,0,Dr. Gesine Lötzsch
18,152,2,DIE LINKE.,Lutze,Thomas,,0,1,0,0,0,Thomas Lutze
18,152,2,DIE LINKE.,Menz,Birgit,,0,1,0,0,0,Birgit Menz
18,152,2,DIE LINKE.,Möhring,Cornelia,,0,1,0,0,0,Cornelia Möhring
18,152,2,DIE LINKE.,Movassat,Niema,,0,1,0,0,0,Niema Movassat
18,152,2,DIE LINKE.,Müller (Potsdam),Norbert,,0,1,0,0,0,Norbert Müller (Potsdam)
18,152,2,DIE LINKE.,Neu,Alexander S.,,0,1,0,0,0,Dr. Alexander S. Neu
18,152,2,DIE LINKE.,Nord,Thomas,,0,1,0,0,0,Thomas Nord
18,152,2,DIE LINKE.,Pau,Petra,,0,1,0,0,0,Petra Pau
18,152,2,DIE LINKE.,Petzold (Havelland),Harald,,0,1,0,0,0,Harald Petzold (Havelland)
18,152,2,DIE LINKE.,Pitterle,Richard,,0,1,0,0,0,Richard Pitterle
18,152,2,DIE LINKE.,Renner,Martina,,0,1,0,0,0,Martina Renner
18,152,2,DIE LINKE.,Schlecht,Michael,,0,0,0,0,1,Michael Schlecht
18,152,2,DIE LINKE.,Sitte,Petra,,0,1,0,0,0,Dr. Petra Sitte
18,152,2,DIE LINKE.,Steinke,Kersten,,0,1,0,0,0,Kersten Steinke
18,152,2,DIE LINKE.,Tackmann,Kirsten,,0,1,0,0,0,Dr. Kirsten Tackmann
18,152,2,DIE LINKE.,Tank,Azize,,0,0,0,0,1,Azize Tank
18,152,2,DIE LINKE.,Tempel,Frank,,0,1,0,0,0,Frank Tempel
18,152,2,DIE LINKE.,Troost,Axel,,0,1,0,0,0,Dr. Axel Troost
18,152,2,DIE LINKE.,Ulrich,Alexander,,0,1,0,0,0,Alexander Ulrich
18,152,2,DIE LINKE.,Vogler,Kathrin,,0,1,0,0,0,Kathrin Vogler
18,152,2,DIE LINKE.,Wagenknecht,Sahra,,0,1,0,0,0,Dr. Sahra Wagenknecht
18,152,2,DIE LINKE.,Wawzyniak,Halina,,0,1,0,0,0,Halina Wawzyniak
18,152,2,DIE LINKE.,Weinberg,Harald,,0,1,0,0,0,Harald Weinberg
18,152,2,DIE LINKE.,Werner,Katrin,,0,0,0,0,1,Katrin Werner
18,152,2,DIE LINKE.,Wöllert,Birgit,,0,1,0,0,0,Birgit Wöllert
18,152,2,DIE LINKE.,Wunderlich,Jörn,,0,1,0,0,0,Jörn Wunderlich
18,152,2,DIE LINKE.,Zdebel,Hubertus,,0,1,0,0,0,Hubertus Zdebel
18,152,2,DIE LINKE.,Zimmermann,Pia,,0,1,0,0,0,Pia Zimmermann
18,152,2,DIE LINKE.,Zimmermann (Zwickau),Sabine,,0,1,0,0,0,Sabine Zimmermann (Zwickau)
18,152,2,BÜ90/GR,Amtsberg,Luise,,0,0,1,0,0,Luise Amtsberg
18,152,2,BÜ90/GR,Andreae,Kerstin,,0,0,1,0,0,Kerstin Andreae
18,152,2,BÜ90/GR,Baerbock,Annalena,,0,1,0,0,0,Annalena Baerbock
18,152,2,BÜ90/GR,Beck (Bremen),Marieluise,,0,0,1,0,0,Marieluise Beck (Bremen)
18,152,2,BÜ90/GR,Beck (Köln),Volker,,0,0,1,0,0,Volker Beck (Köln)
18,152,2,BÜ90/GR,Brantner,Franziska,,0,0,1,0,0,Dr. Franziska Brantner
18,152,2,BÜ90/GR,Brugger,Agnieszka,,0,0,1,0,0,Agnieszka Brugger
18,152,2,BÜ90/GR,Deligöz,Ekin,,0,0,1,0,0,Ekin Deligöz
18,152,2,BÜ90/GR,Dörner,Katja,,0,0,1,0,0,Katja Dörner
18,152,2,BÜ90/GR,Dröge,Katharina,,0,0,1,0,0,Katharina Dröge
18,152,2,BÜ90/GR,Ebner,Harald,,0,0,1,0,0,Harald Ebner
18,152,2,BÜ90/GR,Gambke,Thomas,,0,0,1,0,0,Dr. Thomas Gambke
18,152,2,BÜ90/GR,Gastel,Matthias,,0,0,1,0,0,Matthias Gastel
18,152,2,BÜ90/GR,Gehring,Kai,,0,0,1,0,0,Kai Gehring
18,152,2,BÜ90/GR,Göring-Eckardt,Katrin,,0,0,1,0,0,Katrin Göring-Eckardt
18,152,2,BÜ90/GR,Hajduk,Anja,,0,0,1,0,0,Anja Hajduk
18,152,2,BÜ90/GR,Haßelmann,Britta,,0,0,1,0,0,Britta Haßelmann
18,152,2,BÜ90/GR,Hofreiter,Anton,,0,0,1,0,0,Dr. Anton Hofreiter
18,152,2,BÜ90/GR,Höhn,Bärbel,,0,0,1,0,0,Bärbel Höhn
18,152,2,BÜ90/GR,Janecek,Dieter,,1,0,0,0,0,Dieter Janecek
18,152,2,BÜ90/GR,Kekeritz,Uwe,,0,1,0,0,0,Uwe Kekeritz
18,152,2,BÜ90/GR,Keul,Katja,,0,1,0,0,0,Katja Keul
18,152,2,BÜ90/GR,Kindler,Sven-Christian,,0,0,1,0,0,Sven-Christian Kindler
18,152,2,BÜ90/GR,Klein-Schmeink,Maria,,0,0,1,0,0,Maria Klein-Schmeink
18,152,2,BÜ90/GR,Koenigs,Tom,,1,0,0,0,0,Tom Koenigs
18,152,2,BÜ90/GR,Kotting-Uhl,Sylvia,,0,0,0,0,1,Sylvia Kotting-Uhl
18,152,2,BÜ90/GR,Krischer,Oliver,,0,0,1,0,0,Oliver Krischer
18,152,2,BÜ90/GR,Kühn (Dresden),Stephan,,0,0,1,0,0,Stephan Kühn (Dresden)
18,152,2,BÜ90/GR,Kühn (Tübingen),Christian,,0,0,0,0,1,Christian Kühn (Tübingen)
18,152,2,BÜ90/GR,Künast,Renate,,0,0,1,0,0,Renate Künast
18,152,2,BÜ90/GR,Kurth,Markus,,0,0,0,0,1,Markus Kurth
18,152,2,BÜ90/GR,Lazar,Monika,,0,1,0,0,0,Monika Lazar
18,152,2,BÜ90/GR,Lemke,Steffi,,0,0,1,0,0,Steffi Lemke
18,152,2,BÜ90/GR,Lindner,Tobias,,0,0,1,0,0,Dr. Tobias Lindner
18,152,2,BÜ90/GR,Maisch,Nicole,,0,0,1,0,0,Nicole Maisch
18,152,2,BÜ90/GR,Meiwald,Peter,,0,1,0,0,0,Peter Meiwald
18,152,2,BÜ90/GR,Mihalic,Irene,,0,1,0,0,0,Irene Mihalic
18,152,2,BÜ90/GR,Müller-Gemmeke,Beate,,0,1,0,0,0,Beate Müller-Gemmeke
18,152,2,BÜ90/GR,Mutlu,Özcan,,0,0,1,0,0,Özcan Mutlu
18,152,2,BÜ90/GR,Notz,Konstantin,von,0,0,1,0,0,Dr. Konstantin von Notz
18,152,2,BÜ90/GR,Nouripour,Omid,,0,0,1,0,0,Omid Nouripour
18,152,2,BÜ90/GR,Ostendorff,Friedrich,,0,0,1,0,0,Friedrich Ostendorff
18,152,2,BÜ90/GR,Özdemir,Cem,,0,0,1,0,0,Cem Özdemir
18,152,2,BÜ90/GR,Paus,Lisa,,0,1,0,0,0,Lisa Paus
18,152,2,BÜ90/GR,Pothmer,Brigitte,,0,0,1,0,0,Brigitte Pothmer
18,152,2,BÜ90/GR,Rößner,Tabea,,0,0,1,0,0,Tabea Rößner
18,152,2,BÜ90/GR,Roth (Augsburg),Claudia,,0,0,1,0,0,Claudia Roth (Augsburg)
18,152,2,BÜ90/GR,Rüffer,Corinna,,0,1,0,0,0,Corinna Rüffer
18,152,2,BÜ90/GR,Sarrazin,Manuel,,0,0,1,0,0,Manuel Sarrazin
18,152,2,BÜ90/GR,Scharfenberg,Elisabeth,,0,0,1,0,0,Elisabeth Scharfenberg
18,152,2,BÜ90/GR,Schauws,Ulle,,0,0,1,0,0,Ulle Schauws
18,152,2,BÜ90/GR,Schick,Gerhard,,0,0,1,0,0,Dr. Gerhard Schick
18,152,2,BÜ90/GR,Schmidt,Frithjof,,0,0,1,0,0,Dr. Frithjof Schmidt
18,152,2,BÜ90/GR,Schulz-Asche,Kordula,,0,0,1,0,0,Kordula Schulz-Asche
18,152,2,BÜ90/GR,Strengmann-Kuhn,Wolfgang,,0,1,0,0,0,Dr. Wolfgang Strengmann-Kuhn
18,152,2,BÜ90/GR,Ströbele,Hans-Christian,,0,0,1,0,0,Hans-Christian Ströbele
18,152,2,BÜ90/GR,Terpe,Harald,,0,0,1,0,0,Dr. Harald Terpe
18,152,2,BÜ90/GR,Tressel,Markus,,0,0,1,0,0,Markus Tressel
18,152,2,BÜ90/GR,Trittin,Jürgen,,0,0,1,0,0,Jürgen Trittin
18,152,2,BÜ90/GR,Verlinden,Julia,,0,0,1,0,0,Dr. Julia Verlinden
18,152,2,BÜ90/GR,Wagner,Doris,,0,0,1,0,0,Doris Wagner
18,152,2,BÜ90/GR,Walter-Rosenheimer,Beate,,0,1,0,0,0,Beate Walter-Rosenheimer
18,152,2,BÜ90/GR,Wilms,Valerie,,0,0,1,0,0,Dr. Valerie Wilms
